{
  "n_births": 33511275,
  "years": [
    2016,
    2017,
    2018,
    2019,
    2020,
    2021,
    2022,
    2023,
    2024
  ],
  "preterm": {
    "n": 33484909,
    "events": 3413902,
    "rate_per_100": 10.19534501348055
  },
  "lbw": {
    "n": 33481949,
    "events": 2807762,
    "rate_per_100": 8.38589772656305
  },
  "vlbw": {
    "n": 33481949,
    "events": 458862,
    "rate_per_100": 1.3704757748720064
  },
  "cesarean": {
    "n": 33487512,
    "events": 10722083,
    "rate_per_100": 32.01815351346496
  },
  "nicu": {
    "n": 33466644,
    "events": 3132691,
    "rate_per_100": 9.360636817961192
  },
  "low_apgar5": {
    "n": 33369997,
    "events": 706761,
    "rate_per_100": 2.117953441829797
  },
  "infection": {
    "n": 33397399,
    "events": 905169,
    "rate_per_100": 2.710297888766727
  },
  "ab_anti": {
    "n": 33466644,
    "events": 684021,
    "rate_per_100": 2.043888834506382
  }
}